{
    "training_dt": "2024-05-29T12:54:06.032074",
    "model_parameters": {
        "boosting_type": "gbdt",
        "n_estimators": 400,
        "max_depth": 5,
        "num_leaves": 90,
        "colsample_bytree": 0.5,
        "importance_type": "gain",
        "class_weight": {
            "0": 0.6464329605333303,
            "2": 0.7942784646041191,
            "4": 5.153446964613251
        },
        "n_jobs": 8
    },
    "training_accuracy": 0.9710271990740741
}